# AUR Vetting rule catalogue (ADR 0143). One rule per record, TAB-separated:
#   id  severity  scope  ERE  description  [unless-ERE]
# severity: critical (always aborts) | suspicious (asks, or aborts unattended,
# unless allowlisted for the package) | info (logged). A trailing backslash
# continues a record on the next line, dropping exactly one leading TAB (so a
# line opening with two TABs starts the next field).
# Scopes:
#   code     every tracked text file but .SRCINFO, minus comments and
#            PKGBUILD checksum arrays
#   build    PKGBUILD prepare/build/check/package/pkgver bodies
#   install  *.install scriptlets (run as root by pacman)
#   source   .SRCINFO source URLs (the `name::` prefix stripped)
#   builtin  engine-coded check; ERE is `-`, severity/description live here
# unless: a line matching it is skipped (e.g. echo'd instructions).

# ── critical ────────────────────────────────────────────────────────────────
named-pkg-install	critical	code	(^|[^[:alnum:]_-])(npm|pnpm|yarn|bun)\
	[[:space:]]+(-[^[:space:]]+[[:space:]]+)*(i|install|add)[[:space:]]+\
	(-[^[:space:]]+[[:space:]]+)*[@[:alnum:]]\
		named package-manager install (Atomic Arch vector)
named-pip-gem	critical	code	(^|[^[:alnum:]_-])(pip3?[[:space:]]+install\
	|gem[[:space:]]+install)[[:space:]]+(-[^[:space:]]+[[:space:]]+)*\
	[[:alnum:]][[:alnum:]_-]*([[:space:]]|$|[=<>~])\
		named pip/gem install from the network
pipe-to-shell	critical	code	(curl|wget)[^|]*[|][[:space:]]*\
	(sudo[[:space:]]+)?((ba|z|da|k)?sh|python[0-9.]*|perl|ruby|node|bun)\
	([[:space:]]|$)	download piped into a shell or interpreter
exec-download	critical	code	((ba|z|da|k)?sh|eval|source|[.])[[:space:]]+\
	(-c[[:space:]]+)?["']?(<[(]|[$][(])[[:space:]]*(curl|wget)\
		download executed via substitution
script-fetch	critical	code	(python[0-9.]*|perl|ruby|node)[[:space:]]+\
	-[ce][[:space:]].*(urllib|urlopen|requests[.]get|http[.]client|LWP\
	|Net::HTTP|open-uri|https?[.]get|fetch[(])\
		interpreter one-liner fetching remote code
decode-exec	critical	code	(base64[[:space:]]+(-d|--decode)|xxd[[:space:]]+\
	-r|openssl[[:space:]]+(base64|enc)[^|]*-d)[^|]*[|][[:space:]]*\
	((ba|z|da|k)?sh|eval|python[0-9.]*|perl)([[:space:]]|$)\
		decoded blob fed into a shell
decode-eval	critical	code	eval[[:space:]]+["']?[$][(].*(base64|xxd|openssl)\
		eval of a decoded blob
install-network	critical	install	(^|[^[:alnum:]_.-])(curl|wget|nc|ncat|socat\
	|aria2c|git|npm|npx|bun|bunx|pip3?|gem|yarn|pnpm)([[:space:]]|$)\
	|/dev/(tcp|udp)/	network tool in a root-run scriptlet\
		^[[:space:]]*(echo|printf|msg[0-9]*|warning|plain|note)[[:space:]][^>|]*$
home-persistence	critical	code	(~|[$][{]?HOME[}]?|/home/[^/[:space:]]+\
	|/root)/([.]ssh|[.](bash|zsh)rc|[.](bash_)?profile|[.]zprofile\
	|[.]config/(autostart|systemd/user))\
		write to a user's shell/ssh/autostart files\
		^[[:space:]]*(echo|printf|msg[0-9]*|warning|plain|note)[[:space:]][^>|]*$
etc-persistence	critical	code	(^|[[:space:]>=(])["']?(/etc/(profile[.]d\
	|cron[.][a-z]+|crontab)|/var/spool/cron)|(^|[;&|][[:space:]]*)crontab\
	([[:space:]]|$)	cron/profile.d persistence outside $pkgdir\
		^[[:space:]]*(echo|printf|msg[0-9]*|warning|plain|note)[[:space:]][^>|]*$
cred-access	critical	code	(~|[$][{]?HOME[}]?|/home/[^/[:space:]]+|/root)/\
	([.](ssh|gnupg|aws|kube|netrc|git-credentials|npmrc|pypirc\
	|password-store|mozilla)|[.]docker/config[.]json|[.]local/share/keyrings\
	|[.]config/(gh|google-chrome|chromium|BraveSoftware|discord|Signal))\
	|/etc/g?shadow([[:space:]"']|$)	reads credentials, keys or browser data\
		^[[:space:]]*(echo|printf|msg[0-9]*|warning|plain|note)[[:space:]][^>|]*$
exfil-upload	critical	code	(^|[^[:alnum:]_-])curl[[:space:]][^|;&]*\
	(-[dF]|--data(-binary|-raw|-urlencode)?|--form)[[:space:]=]+[^[:space:]]*@\
	|(^|[^[:alnum:]_-])curl[[:space:]][^|;&]*(-T|--upload-file)[[:space:]=]\
	|(^|[^[:alnum:]_-])wget[[:space:]][^|;&]*--post-(file|data)\
		uploads a file or data to a server
exfil-webhook	critical	code	discord(app)?[.]com/api/webhooks\
	|api[.]telegram[.]org/bot|hooks[.]slack[.]com/services\
	|outlook[.]office[.]com/webhook|webhook[.]site/	chat/webhook exfiltration
exfil-dns	critical	code	(^|[^[:alnum:]_-])(dig|nslookup|host|drill)\
	[[:space:]][^;&|]*([$][(]|`)	DNS query built from command output
revshell	critical	code	(^|[^[:alnum:]_-])n(c|cat|etcat)\
	([[:space:]][^|;&]*)?[[:space:]]-[ec][[:space:]]\
	|socat[[:space:]][^|;&]*(exec|system):\
	|mkfifo[[:space:]][^;]*;[^;]*[|][^;]*n(c|cat)[[:space:]]\
	|socket[.]socket[(]|fsockopen[(]|TCPSocket[.](new|open)|IO::Socket::INET\
	|[>]&?[[:space:]]*/dev/(tcp|udp)/	reverse shell
kmod-insmod	critical	code	(^|[^[:alnum:]_-])insmod[[:space:]]\
		loads a kernel module from a file
bpf-pin	critical	code	/sys/fs/bpf|bpftool[[:space:]]+(prog|map)\
	[[:space:]]+(load|pin|create)	loads or pins eBPF (Atomic Arch rootkit)
ld-preload-file	critical	code	/etc/ld[.]so[.]preload\
		global library preload (rootkit hook)
miner	critical	code	(^|[^[:alnum:]_-])(xmrig|xmr-stak|minerd|cpuminer)\
	([[:space:]]|$|[-.])|stratum[+](tcp|ssl|tls)://\
	|(^|[^[:alnum:]])4[0-9AB][1-9A-HJ-NP-Za-km-z]{93}([^[:alnum:]]|$)\
		cryptominer, mining pool or Monero wallet
sudoers	critical	code	(^|[[:space:]>=(])["']?/etc/(sudoers\
	|doas[.]conf)|NOPASSWD\
		edits sudo/doas privileges
pam-tamper	critical	code	(^|[[:space:]>=(])["']?/etc/pam[.]d/\
		edits live PAM config outside $pkgdir
pacman-tamper	critical	code	SigLevel[^=#]*=[^#]*(Never|TrustAll)\
	|(^|[[:space:]>=(])["']?/etc/pacman[.](conf|d/)\
		weakens or edits pacman's own config
keyring-tamper	critical	code	pacman-key[[:space:]]+([^|;&]*[[:space:]])?\
	--?(lsign(-key)?|add|recv-keys?|r|a|populate)([[:space:]]|$)\
		changes pacman's trusted keys
ca-trust	critical	code	trust[[:space:]]+anchor|update-ca-trust\
	|(^|[[:space:]>=(])["']?/(etc|usr/share)/ca-certificates/trust-source\
		injects a trusted CA
security-off	critical	code	setenforce[[:space:]]+0\
	|aa-(teardown|disable|complain)([[:space:]]|$)|ufw[[:space:]]+disable\
	|systemctl[[:space:]]+([^|;&]*[[:space:]])?(disable|stop|mask)[[:space:]]\
	[^|;&]*(apparmor|firewalld|ufw|nftables|iptables|auditd|clamav|fail2ban)\
	|(iptables|nft)[[:space:]]+(-F|flush)	disables a security control\
		^[[:space:]]*(echo|printf|msg[0-9]*|warning|plain|note)[[:space:]][^>|]*$
bad-source-host	critical	source	://([^/]*[.])?(pastebin[.]com|paste[.]ee\
	|hastebin[.]com|ghostbin[.][a-z]+|rentry[.](co|org)|transfer[.]sh\
	|temp[.]sh|0x0[.]st|termbin[.]com|catsh[.]zip|cdn[.]discordapp[.]com\
	|media[.]discordapp[.]net|t[.]me|telegram[.]org|bit[.]ly|tinyurl[.]com\
	|is[.]gd|goo[.]gl|cutt[.]ly|rb[.]gy)([/:]|$)\
		source from a paste site, chat CDN or URL shortener
raw-ip-source	critical	source	://[0-9]+[.][0-9]+[.][0-9]+[.][0-9]+([:/]|$)\
		source from a raw IP address

# ── suspicious ──────────────────────────────────────────────────────────────
kmod-modprobe	suspicious	code	(^|[^[:alnum:]_-])modprobe[[:space:]]\
		loads a kernel module\
		^[[:space:]]*(echo|printf|msg[0-9]*|warning|plain|note)[[:space:]][^>|]*$
ld-preload	suspicious	code	(^|[^[:alnum:]_])LD_PRELOAD=\
		library preload in a command
sudo-in-pkg	suspicious	code	(^|[^[:alnum:]_-])sudo[[:space:]]\
		sudo inside a package function or scriptlet\
		^[[:space:]]*(echo|printf|msg[0-9]*|warning|plain|note)[[:space:]][^>|]*$
suid	suspicious	code	chmod[[:space:]]+(-[^[:space:]]+[[:space:]]+)*\
	([ugoa]*[+][rwxt]*s|0?[2467][0-7]{3})([[:space:]]|$)\
	|install[[:space:]][^;&|]*-[[:alpha:]]*m[[:space:]]*0?[2467][0-7]{3}\
		sets a SUID/SGID bit
setcap	suspicious	code	(^|[^[:alnum:]_-])setcap[[:space:]]\
		grants file capabilities
gpg-import	suspicious	code	(^|[^[:alnum:]_-])gpg2?[[:space:]][^|;&]*\
	--(recv-keys?|import|keyserver)	imports GPG keys at build time
meta-core-pkg	suspicious	code	^[[:space:]]*(provides|replaces|conflicts)\
	(_[[:alnum:]_]+)?=[(]([^)]*['"[:space:]])?(glibc|pacman|systemd|sudo|openssh\
	|linux|coreutils|bash|shadow|pam|openssl|ca-certificates|gnupg\
	|archlinux-keyring|filesystem|util-linux|polkit|apparmor|firewalld|ufw)\
	([<>=:'"[:space:])]|$)	provides/replaces/conflicts a core package
meta-install-path	suspicious	code	^[[:space:]]*install=["']?(/|[.][.]/|~)\
		install= scriptlet outside the package repo
meta-backup	suspicious	code	^[[:space:]]*backup=[(].*etc/(sudoers|pam[.]d\
	|pacman[.]conf|ld[.]so|g?shadow|passwd|group|ssh/sshd_config|profile\
	|environment|security/)	backup= claims a security-sensitive file
tmp-exec	suspicious	code	chmod[[:space:]][^;&|]*[[:space:]]\
	["']?/(tmp|var/tmp|dev/shm)/|(^|[;&|][[:space:]]*|(sh|bash|exec|source)\
	[[:space:]]+)["']?/(tmp|var/tmp|dev/shm)/[^[:space:]/]\
		runs something from a temp dir
detach	suspicious	code	(^|[^[:alnum:]_-])(nohup|setsid|disown)\
	([[:space:]]|$)	detaches a background process
herestring-exec	suspicious	code	(^|[^[:alnum:]_-])((ba|z|da)?sh\
	|python[0-9.]*|perl|eval|source)[[:space:]]+(-[^[:space:]]*[[:space:]]+)*<<<\
		interpreter fed a here-string
printf-assembly	suspicious	code	[$][(][[:space:]]*printf[[:space:]]\
	[^)]*\\(x[0-9a-fA-F]|[0-7]{3})	command assembled from printf escapes
build-network	suspicious	build	(^|[^[:alnum:]_.-])(curl|wget|nc|ncat|socat\
	|aria2c)([[:space:]]|$)|/dev/(tcp|udp)/|git[[:space:]]+clone\
		network fetch outside source=
npx-run	suspicious	code	(^|[^[:alnum:]_-])(npx|bunx|pnpx|pnpm[[:space:]]+\
	dlx)[[:space:]]	runs a package fetched on demand
python-inline	suspicious	code	(^|[^[:alnum:]_-])python[0-9.]*[[:space:]]+-c\
	[[:space:]]	inline python one-liner
install-interp	suspicious	install	(^|[^[:alnum:]_-])(python[0-9.]*|perl|node\
	|ruby|bun|php)[[:space:]]+[^-[:space:]]\
		interpreter runs a script from a root-run scriptlet (Chaos RAT)\
		^[[:space:]]*(echo|printf|msg[0-9]*|warning|plain|note)[[:space:]][^>|]*$
install-systemctl	suspicious	install	systemctl[[:space:]]+(--user[[:space:]]+\
	|--global[[:space:]]+)?(enable|start)	scriptlet enables/starts a unit
unit-write	suspicious	code	(^|[[:space:]>=(])["']?(/etc/systemd/(system\
	|user)|/usr/lib/systemd/(system|user))/\
		writes a systemd unit outside $pkgdir\
		^[[:space:]]*(echo|printf|msg[0-9]*|warning|plain|note)[[:space:]][^>|]*$
http-source	suspicious	source	^http://	plain-http (tamperable) source
gist-source	suspicious	source	://gist[.]github(usercontent)?[.]com/\
		source from a gist
obfuscated-blob	suspicious	code	[A-Za-z0-9+/]{100,}={0,2}	long base64 blob
hex-escapes	suspicious	code	(\\x[0-9a-fA-F]{2}){8,}	run of \x escapes
rev-pipe	suspicious	code	[|][[:space:]]*rev([[:space:]]|$|[|;)])\
		string reversal (obfuscation)
decode-pipe	suspicious	code	(printf[[:space:]]+["']?%b|echo[[:space:]]+-e)\
	[^|]*[|][[:space:]]*((ba|z|da)?sh|eval)	escaped string fed to a shell
eval-subst	suspicious	code	eval[[:space:]]+["']?[$][(]\
		eval of a command substitution
weak-checksums	suspicious	builtin	-	only MD5/SHA1/CRC checksums
disguised-script	suspicious	builtin	-\
		text under a media/library/archive extension
editor-autoexec	suspicious	builtin	-\
		editor/direnv file that runs code when opened
hidden-install	suspicious	builtin	-	dot-prefixed .install scriptlet
missing-ref	suspicious	builtin	-\
		install=/source= file missing from the repo
srcinfo-missing	suspicious	builtin	-	no .SRCINFO in the clone
srcinfo-mismatch	suspicious	builtin	-	PKGBUILD URL host absent from .SRCINFO
skip-checksum	suspicious	builtin	-	SKIP checksum on a non-VCS remote source
source-owner	suspicious	builtin	-	forge source owner absent from url=
toplevel-code	suspicious	builtin	-	PKGBUILD runs code at parse time

# ── info ────────────────────────────────────────────────────────────────────
meta-epoch	info	code	^[[:space:]]*epoch=[1-9]\
		epoch forces the version ordering
lockfile-install	info	code	(^|[^[:alnum:]_-])(npm[[:space:]]+(ci|install)\
	|(yarn|pnpm|bun)[[:space:]]+install)([[:space:]]|$)\
		lockfile-driven package-manager install
lang-fetch	info	build	cargo[[:space:]]+fetch|go[[:space:]]+mod[[:space:]]+\
	download|go[[:space:]]+get	cargo/go dependency fetch
bin-package	info	builtin	-	prebuilt -bin payload is opaque to review

# ── Indicators (indicators.tsv; builtin matchers) ───────────────────────────
indicator-npm	critical	builtin	-	known-malicious npm/bun package
indicator-domain	critical	builtin	-	known-malicious host
indicator-sha256	critical	builtin	-	known-malicious payload hash
indicator-pkgbase	critical	builtin	-	package compromised in this window
indicator-pkgbase-past	suspicious	builtin	-	package listed in a past campaign

# ── Trust signals (AUR RPC; evaluated by aur-vet, not scan.awk) ─────────────
trust-adopted	suspicious	trust	-\
		maintainer is not the submitter and it changed <14 days ago
trust-new	suspicious	trust	-	first submitted <14 days ago
trust-not-found	suspicious	trust	-	package base not found on the AUR
trust-orphaned	info	trust	-	package is orphaned
trust-out-of-date	info	trust	-	flagged out of date
trust-low-votes	info	trust	-	fewer than 3 votes

# ── Binary files (not text-scanned; builtin) ────────────────────────────────
nul-in-script	critical	builtin	-\
		NUL byte in a sourced file hides it from review (bash still runs it)
binary-file	suspicious	builtin	-	binary file in the AUR repo
